{
  "smoke_passed": true,
  "steps_completed": 50,
  "mean_reward": -0.005926547129638493,
  "std_reward": 0.0012705511669351655,
  "min_reward": -0.008738161064684391,
  "max_reward": -0.003572514047846198,
  "cumulative_reward": -0.29632735648192465,
  "n_terminated": 0,
  "n_contacts": 0,
  "max_contact_force": 0.0,
  "final_cleaned_ratio": 0.0,
  "obs_shape": [
    1,
    168
  ]
}